id	name	sent
41001	Baker	0.676741462627
41003	Benton	0.558074593055
41005	Clackamas	0.517077207135
41007	Clatsop	0.539674775541
41009	Columbia	0.592250686255
41011	Coos	0.546616852665
41013	Crook	0.448387565524
41015	Curry	0.504074859881
41017	Deschutes	0.625528667205
41019	Douglas	0.521544511386
41027	Hood River	0.592880740693
41029	Jackson	0.511433824094
41033	Josephine	0.567453694262
41035	Klamath	0.641403630956
41039	Lane	0.54926163918
42011	Berks	0.531009465512
41041	Lincoln	0.60998684363
41043	Linn	0.517745969202
41045	Malheur	0.60477198928
41047	Marion	0.537085488807
41051	Multnomah	0.553424349265
41053	Polk	0.497845038024
41057	Tillamook	0.528501018789
41059	Umatilla	0.464842439718
41061	Union	0.62770405602
41067	Washington	0.51562934542
13097	Douglas	0.527497015732
41071	Yamhill	0.47561940439
9003	Hartford	0.538002791048
6057	Nevada	0.364831299384
33001	Belknap	0.537741395933
33003	Carroll	0.557494002253
33005	Cheshire	0.541561906149
33007	Coos	0.614564447225
33009	Grafton	0.54002558892
33011	Hillsborough	0.556604585304
33013	Merrimack	0.521405013449
33015	Rockingham	0.514391512731
33017	Strafford	0.534860364147
33019	Sullivan	0.548076178725
13095	Dougherty	0.509175317621
13105	Elbert	0.514781792631
17197	Will	0.526726795784
42021	Cambria	0.520380776705
13107	Emanuel	0.423522088375
25001	Ahome, Sinaloa	0.574931758803
25003	Berkshire	0.547450345734
25005	Bristol	0.501771236623
25007	Dukes	0.416470636207
25009	Essex	0.516517970947
25011	Franklin	0.461314684234
25013	Hampden	0.511177331596
25015	Hampshire	0.55132073166
25017	Middlesex	0.538764958369
25021	Norfolk	0.534548318741
25023	Plymouth	0.515110125065
25025	Suffolk	0.565849825964
25027	Worcester	0.52697441186
19193	Woodbury	0.509136314342
26025	Calhoun	0.529991021937
17203	Woodford	0.509109146654
6019	Fresno	0.541263212218
17001	Adams	0.542093147404
17005	Bond	0.55351345911
17007	Boone	0.509306031951
17011	Bureau	0.515645074806
17017	Cass	0.715503985891
17019	Champaign	0.549288703827
17021	Christian	0.555129100854
17023	Clark	0.748695463767
17027	Clinton	0.426937446411
17029	Coles	0.556889390273
17031	Cook	0.555678804753
17033	Crawford	0.585145154437
17037	DeKalb	0.57200702931
17039	De Witt	0.659079015491
17041	Douglas	0.560236939462
17043	DuPage	0.578137398905
17045	Edgar	0.605434211119
17049	Effingham	0.653378187628
17051	Fayette	0.751197054228
17055	Franklin	0.631038326661
17063	Grundy	0.56540859957
17067	Hancock	0.532707830696
17073	Henry	0.500809154505
17075	Iroquois	0.453121074927
17077	Jackson	0.495466985552
17081	Jefferson	0.510157227554
17083	Jersey	0.628858953759
17085	Jo Daviess	0.656575923095
17089	Kane	0.533131300957
17091	Kankakee	0.560861785294
17093	Kendall	0.513614605171
17095	Knox	0.57428435555
17097	Lake	0.551324451928
17099	La Salle	0.501682014468
17101	Lawrence	0.493952087699
17103	Lee	0.527874156095
17105	Livingston	0.451695605661
17107	Logan	0.563849798028
17109	McDonough	0.541866299775
17111	McHenry	0.577590760187
17113	McLean	0.535131561615
17115	Macon	0.604608707434
17117	Macoupin	0.500673026998
17119	Madison	0.518999756033
17121	Marion	0.469477997699
17125	Mason	0.867744307528
17131	Mercer	0.512476954814
17133	Monroe	0.603246909435
17135	Montgomery	0.581609032919
17137	Morgan	0.483217862411
17139	Moultrie	0.565810061987
17141	Ogle	0.521570405852
17143	Peoria	0.525558221314
17145	Perry	0.592614145368
17147	Piatt	0.495475009914
13119	Franklin	0.45378210264
17159	Richland	0.617363266044
17161	Rock Island	0.540726758783
17163	St. Clair	0.543891879617
17165	Saline	0.622719721286
17167	Sangamon	0.506342030931
17173	Shelby	0.530092210018
17177	Stephenson	0.625446353645
17179	Tazewell	0.452881112308
17183	Vermilion	0.427066675299
17187	Warren	0.567641643905
9001	Fairfield	0.543004392551
17195	Whiteside	0.481386020746
9005	Litchfield	0.508889395666
17199	Williamson	0.572315747836
9009	New Haven	0.530165892515
9011	New London	0.541229537889
9013	Tolland	0.536213383279
9015	Windham	0.488282850143
50001	Addison	0.583347294636
50003	Bennington	0.487891343903
50005	Caledonia	0.426104195439
50007	Chittenden	0.538513287345
50011	Franklin	0.59887457519
50015	Lamoille	0.603852004761
50019	Orleans	0.6597135173
50021	Rutland	0.59501212059
50023	Washington	0.480919791849
50025	Windham	0.637422575192
50027	Windsor	0.527202429218
36039	Greene	0.527064311554
40131	Rogers	0.551855722164
22007	Assumption	0.486588262589
1001	Autauga	0.514028802626
1003	Baldwin	0.543144729244
1005	Barbour	0.361774943907
1007	Bibb	0.588207690052
1009	Blount	0.509950270611
13127	Glynn	0.466716537642
1011	Bullock	0.500846095644
1013	Butler	0.655439522712
1015	Calhoun	0.523672618265
1017	Chambers	0.49091079229
1019	Cherokee	0.584984851271
1021	Chilton	0.479416254
1023	Choctaw	0.498983241655
1027	Clay	0.544058270357
1029	Cleburne	0.626468106445
1031	Coffee	0.591138542688
1033	Colbert	0.497570252245
1035	Conecuh	0.57287679337
1037	Coosa	0.540260824985
1039	Covington	0.373413307087
42001	Adams	0.561049607188
1043	Cullman	0.459515805219
1045	Dale	0.519274507548
42007	Beaver	0.517583728958
42009	Bedford	0.543158331587
1051	Elmore	0.52583438469
42013	Blair	0.495760195466
42015	Bradford	0.553350651227
42017	Bucks	0.531980507551
1059	Franklin	0.499962567092
1061	Geneva	0.429818651089
42023	Cameron	0.608475712137
42025	Carbon	0.517442628908
42027	Centre	0.550204820022
1069	Houston	0.510296762988
42031	Clarion	0.499356615678
1073	Jefferson	0.523757666017
42035	Clinton	0.512963906813
42037	Columbia	0.544801011555
1079	Lawrence	0.539535471319
42041	Cumberland	0.557383039691
42043	Dauphin	0.555655594764
42045	Delaware	0.532766801994
1087	Macon	0.485352687258
42049	Erie	0.518987542584
42051	Fayette	0.494997345274
1093	Marion	0.464613007348
1095	Marshall	0.582713083343
1097	Mobile	0.541683250877
1099	Monroe	0.561437312381
1101	Montgomery	0.486546133144
1103	Morgan	0.489259669111
42065	Jefferson	0.597437871899
42067	Juniata	0.656838471451
42069	Lackawanna	0.548886281256
42071	Lancaster	0.546075250358
1113	Russell	0.513370902416
1115	St. Clair	0.504153811655
42077	Lehigh	0.507692031449
42079	Luzerne	0.55092385176
42081	Lycoming	0.518116893169
1123	Tallapoosa	0.485481204389
42085	Mercer	0.521199494056
1127	Walker	0.518879023434
42089	Monroe	0.518248161671
13131	Grady	0.718205626046
42091	Montgomery	0.559323786711
42095	Northampton	0.526021705812
42097	Northumberland	0.473544796272
42099	Perry	0.431105372367
42101	Philadelphia	0.539540681945
42103	Pike	0.479469848932
40137	Stephens	0.425525959705
42107	Schuylkill	0.474401194951
42109	Snyder	0.549409734176
42111	Somerset	0.569024758627
42115	Susquehanna	0.499321664201
42117	Tioga	0.40839368824
42119	Union	0.655998522856
42121	Venango	0.50592437441
42123	Warren	0.560301053712
42125	Washington	0.483359834827
42127	Wayne	0.546301611782
42129	Westmoreland	0.534122305999
42131	Wyoming	0.504015383414
42133	York	0.551122314518
51127	New Kent	0.436259571707
34001	Atlantic	0.543228885372
34003	Bergen	0.552008203544
34005	Burlington	0.544083830766
34007	Camden	0.53476262073
34009	Cape May	0.510577313072
34011	Cumberland	0.52227434994
34013	Essex	0.543353969581
34015	Gloucester	0.541988144043
34017	Hudson	0.568660042331
34019	Hunterdon	0.508113635324
34021	Mercer	0.511265215107
34023	Middlesex	0.539816380401
34025	Monmouth	0.531788449317
34027	Morris	0.573135932626
34029	Ocean	0.535747678741
34031	Passaic	0.514988589509
34033	Salem	0.513875703565
34035	Somerset	0.539819427703
34037	Sussex	0.51010483563
34039	Union	0.515586466846
34041	Warren	0.517997570788
40143	Tulsa	0.549541640916
54055	Mercer	0.466647493353
22079	Rapides	0.535106871726
26005	Allegan	0.579703489864
26007	Alpena	0.539127273105
26011	Arenac	0.497592011213
26015	Barry	0.549920168741
26017	Bay	0.51104467827
26018	Cajeme, Sonora	0.577625466426
26019	Cananea, Sonora	0.58287018366
26021	Berrien	0.5048262184
26023	Branch	0.573626691884
54059	Mingo	0.474993135411
26027	Cass	0.515128945496
26029	Charlevoix	0.506415062438
26030	Hermosillo, Sonora	0.546798018338
26033	Chippewa	0.589070923486
26035	Clare	0.430305204927
26036	Magdalena, Sonora	0.558918122239
26037	Clinton	0.581849171025
42057	Fulton	0.779852759388
26041	Delta	0.546420025231
26042	Navojoa, Sonora	0.64069799273
26043	Nogales, Sonora	0.540491623279
26045	Eaton	0.53294657006
26047	Emmet	0.495261334017
26049	Genesee	0.519187757931
26053	Gogebic	0.586635416172
26055	Grand Traverse	0.525575574564
26057	Gratiot	0.454078049388
26058	Santa Ana, Sonora	0.548901919503
26059	Hillsdale	0.501336392075
26061	Houghton	0.687970197805
26063	Huron	0.632252940482
26065	Ingham	0.537493232578
26067	Ionia	0.484121809681
26069	Iosco	0.551006954198
26073	Isabella	0.534038547747
26075	Jackson	0.499720575521
26077	Kalamazoo	0.522320925119
26081	Kent	0.528988266065
26087	Lapeer	0.514608419992
26089	Leelanau	0.584300830083
26091	Lenawee	0.51543557391
26093	Livingston	0.533130325703
26097	Mackinac	0.374718337372
26099	Macomb	0.514262082746
26101	Manistee	0.599921838295
26103	Marquette	0.475717182189
26105	Mason	0.537446139316
26107	Mecosta	0.547799145194
26109	Menominee	0.471603167571
26111	Midland	0.610422367515
26115	Monroe	0.542009609833
26117	Montcalm	0.635099953875
26121	Muskegon	0.518621171962
26123	Newaygo	0.592430283582
26125	Oakland	0.554673366207
26127	Oceana	0.62890310028
26129	Ogemaw	0.353415875606
26133	Osceola	0.426868428318
6053	Monterey	0.513429132042
26139	Ottawa	0.534152513901
26143	Roscommon	0.520150430783
26145	Saginaw	0.574298754362
26147	St. Clair	0.540978759623
26149	St. Joseph	0.515450262491
26151	Sanilac	0.515147992466
26153	Schoolcraft	0.489107783199
26155	Shiawassee	0.441951233878
26157	Tuscola	0.476533805411
26159	Van Buren	0.509110057919
26161	Washtenaw	0.525735828351
26163	Wayne	0.520334125701
26165	Wexford	0.374368941429
18001	Adams	0.645698009433
18003	Allen	0.536678537062
18005	Bartholomew	0.550181783833
18009	Blackford	0.496166252143
40153	Woodward	0.533328459761
18011	Boone	0.557926853483
18013	Brown	0.689652943624
18017	Cass	0.495675396549
18019	Clark	0.54550255365
18021	Clay	0.459565614828
18023	Clinton	0.485203118761
18027	Daviess	0.504793084396
18029	Dearborn	0.531174061176
18031	Decatur	0.497089763425
18033	DeKalb	0.609808283447
18035	Delaware	0.54309403448
18037	Dubois	0.664100144694
18039	Elkhart	0.533484036308
18043	Floyd	0.539786987454
18045	Fountain	0.397365775433
18047	Franklin	0.675380070918
18049	Fulton	0.507855021711
18051	Gibson	0.654510782124
18053	Grant	0.520356046867
18055	Greene	0.537386903955
18057	Hamilton	0.553194522949
18059	Hancock	0.574498058981
18061	Harrison	0.511302406005
18063	Hendricks	0.546046092504
18065	Henry	0.422993773467
18067	Howard	0.53463205936
18069	Huntington	0.584438246393
18071	Jackson	0.510888242757
18073	Jasper	0.55001649274
18075	Jay	0.481765457688
18077	Jefferson	0.591706516047
18079	Jennings	0.530627396786
18081	Johnson	0.559852344144
18083	Knox	0.418292598369
18085	Kosciusko	0.516743927567
48339	Montgomery	0.563753322664
18087	LaGrange	0.565432175611
18089	Lake	0.506560731751
18091	LaPorte	0.47928147883
18093	Lawrence	0.517647017544
18095	Madison	0.542099887922
18097	Marion	0.536844481976
18099	Marshall	0.541269764344
18103	Miami	0.504551229177
18105	Monroe	0.563660535281
18107	Montgomery	0.501614137656
18109	Morgan	0.480839920682
18111	Newton	0.509625103756
18113	Noble	0.4727832241
18117	Orange	0.565277517415
18119	Owen	0.655867231315
18125	Pike	0.644880264976
18127	Porter	0.529153883428
18129	Posey	0.50071395897
18133	Putnam	0.654716054463
18135	Randolph	0.509109220169
18137	Ripley	0.607052459193
18139	Rush	0.562377494859
18141	St. Joseph	0.517261026637
18143	Scott	0.524233754963
18145	Shelby	0.529025288308
18151	Steuben	0.493398963484
18153	Sullivan	0.635211011643
18157	Tippecanoe	0.568302331176
18159	Tipton	0.656297335159
18163	Vanderburgh	0.521483132814
18167	Vigo	0.560465721806
18169	Wabash	0.492160215839
18173	Warrick	0.484418713666
18175	Washington	0.589730861693
18177	Wayne	0.534492237197
18179	Wells	0.547550038684
18181	White	0.575122488609
18183	Whitley	0.549045903536
10001	Kent	0.497411921261
10003	New Castle	0.519963556185
10005	Sussex	0.511712858744
48343	Morris	0.479313556265
48091	Comal	0.601693716911
51001	Accomack	0.465659492367
51003	Albemarle	0.542201699206
51005	Alleghany	0.387208141972
51007	Amelia	0.685689474025
51009	Amherst	0.562229068911
51011	Appomattox	0.466865949351
51013	Arlington	0.573286003344
51015	Augusta	0.510608614161
51017	Bath	0.477265187548
51019	Bedford	0.53736629191
51023	Botetourt	0.398391267891
51025	Brunswick	0.512625914251
51027	Buchanan	0.635614345373
51029	Buckingham	0.37465835668
51031	Campbell	0.519033992006
51033	Caroline	0.502345119459
51035	Carroll	0.419022804404
51041	Chesterfield	0.526720518984
51043	Clarke	0.360521802064
51047	Culpeper	0.538473929513
51053	Dinwiddie	0.54239013504
6069	San Benito	0.477399830629
51057	Essex	0.386743786637
51059	Fairfax	0.568021590864
51061	Fauquier	0.500022038868
51063	Floyd	0.426379632269
51065	Fluvanna	0.534208237731
51067	Franklin	0.515573782376
51069	Frederick	0.511875843367
51071	Giles	0.514981363532
51073	Gloucester	0.472135479081
51075	Goochland	0.487742771364
51077	Grayson	0.428557806484
51079	Greene	0.370550310751
51081	Greensville	0.572313367001
51083	Halifax	0.511392745388
51085	Hanover	0.539653684797
51087	Henrico	0.536182430862
51089	Henry	0.509538052656
51093	Isle of Wight	0.511490001758
51095	James City	0.506903458047
51099	King George	0.308845060139
51101	King William	0.489662009016
51103	Lancaster	0.352540117918
51105	Lee	0.578528565754
51107	Loudoun	0.549989643932
51109	Louisa	0.502927049805
51111	Lunenburg	0.503212942306
51113	Madison	0.464950439097
51115	Mathews	0.66926377501
51117	Mecklenburg	0.50031623638
51121	Montgomery	0.56370356778
51125	Nelson	0.571939049499
37193	Wilkes	0.525281399607
51131	Northampton	0.554412306236
51133	Northumberland	0.504975735446
51135	Nottoway	0.545260801815
51137	Orange	0.604327563675
37195	Wilson	0.526947508005
51141	Patrick	0.448650662227
51143	Pittsylvania	0.501932353573
51145	Powhatan	0.472065359549
51147	Prince Edward	0.501632795889
51149	Prince George	0.50733945006
2001	Ensenada, Baja California	0.537670750541
2002	Mexicali, Baja California	0.565391319702
51155	Pulaski	0.566709748028
2004	Tijuana, Baja California	0.692684138571
2005	Playas de Rosarito, Baja California	0.563699710067
51159	Richmond	0.467102358029
51161	Roanoke	0.528056733873
51163	Rockbridge	0.531133070288
51165	Rockingham	0.503988075301
51169	Scott	0.568248472684
51171	Shenandoah	0.54980712417
51173	Smyth	0.584233194261
51175	Southampton	0.368059598822
51177	Spotsylvania	0.566793648745
51179	Stafford	0.557900425141
51185	Tazewell	0.591649849116
51187	Warren	0.578285771239
51191	Washington	0.55809868979
51193	Westmoreland	0.512055977015
51195	Wise	0.579739632563
51197	Wythe	0.520280055158
51199	York	0.497043287241
6075	San Francisco	0.63649032413
35001	Bernalillo	0.542871165267
35005	Chaves	0.538533095965
35006	Cibola	0.46429072099
35007	Colfax	0.510614991824
35009	Curry	0.500167851036
35013	Dona Ana	0.510088668647
35015	Eddy	0.539244397928
35017	Grant	0.412151618626
29047	Clay	0.546922652671
35025	Lea	0.566100391027
35029	Luna	0.365771204337
35031	McKinley	0.674588807361
35035	Otero	0.577036478104
35039	Rio Arriba	0.249730323323
35041	Roosevelt	0.491341850976
35043	Sandoval	0.511189003786
35045	San Juan	0.431872042409
35047	San Miguel	0.528273732515
35049	Santa Fe	0.519013909289
35055	Taos	0.408909609847
35061	Valencia	0.402968592547
51510	Alexandria	0.602406338556
51520	Bristol	0.493931793915
51550	Chesapeake	0.529773350919
6081	San Mateo	0.571703657727
27003	Anoka	0.524880182575
51580	Covington	0.527053942353
27005	Becker	0.322478480348
27009	Benton	0.514861315572
27013	Blue Earth	0.54246199798
51590	Danville	0.511086546546
27015	Brown	0.587646461086
27017	Carlton	0.640440322748
27019	Carver	0.517785046235
27023	Chippewa	0.533503993227
27025	Chisago	0.408408759169
27027	Clay	0.543552148716
27035	Crow Wing	0.57072664447
27037	Dakota	0.554001330714
6083	Santa Barbara	0.513642596386
27039	Dodge	0.288322041499
27041	Douglas	0.486426868197
27045	Fillmore	0.409334863788
27047	Freeborn	0.519057201818
27049	Goodhue	0.571537570026
48199	Hardin	0.506867308673
27053	Hennepin	0.559704262444
51630	Fredericksburg	0.443416207875
27055	Houston	0.453128126674
27059	Isanti	0.454900254089
27061	Itasca	0.452842239975
27063	Jackson	0.61612635353
27067	Kandiyohi	0.564617064133
51650	Hampton	0.523534987249
48203	Harrison	0.465483971172
27079	Le Sueur	0.501859616436
27083	Lyon	0.523585186845
27085	McLeod	0.639843773295
27093	Meeker	0.734161570475
51670	Hopewell	0.501984147753
27095	Mille Lacs	0.394167096825
27097	Morrison	0.64846426433
27099	Mower	0.558063232911
27103	Nicollet	0.441163710498
51680	Lynchburg	0.508460662801
27105	Nobles	0.53921862026
27109	Olmsted	0.574546064801
27111	Otter Tail	0.579267731981
27115	Pine	0.713052321725
47003	Bedford	0.509946018463
27123	Ramsey	0.564113996137
51700	Newport News	0.5073208911
27131	Rice	0.612043468185
27133	Rock	0.611016499571
51710	Norfolk	0.5309155427
40021	Cherokee	0.49842849328
27137	St. Louis	0.546062638351
27139	Scott	0.546866929269
27141	Sherburne	0.528209821655
27143	Sibley	0.606132944534
27145	Stearns	0.546327074306
27147	Steele	0.577356476572
27149	Stevens	0.461483474963
51730	Petersburg	0.455104417579
27157	Wabasha	0.683508863752
27159	Wadena	0.50125628575
27163	Washington	0.517985711971
51740	Portsmouth	0.49423598329
27165	Watonwan	0.22422729399
27169	Winona	0.463230519478
27171	Wright	0.536264404875
51760	Richmond	0.542430844957
40031	Comanche	0.491868133827
19011	Benton	0.601214154922
19013	Black Hawk	0.525866263
19015	Boone	0.517749102268
19017	Bremer	0.525053481397
19019	Buchanan	0.526264833924
19021	Buena Vista	0.560366943398
51790	Staunton	0.595999925759
19023	Butler	0.193033400826
19025	Calhoun	0.536575831783
19027	Carroll	0.58893914104
19029	Cass	0.665294221545
19031	Cedar	0.496820644566
51800	Suffolk	0.52470742667
19033	Cerro Gordo	0.52510022868
19037	Chickasaw	0.629462232803
19039	Clarke	0.477779574564
19041	Clay	0.538021365258
51810	Virginia Beach	0.532153684029
19045	Clinton	0.443541660444
19049	Dallas	0.517408047297
40039	Custer	0.497619006566
51820	Waynesboro	0.557196821413
19053	Decatur	0.570816411444
19055	Delaware	0.622203554834
19057	Des Moines	0.499013358756
19059	Dickinson	0.77452069782
19061	Dubuque	0.555440468273
51830	Williamsburg	0.59892515915
19063	Emmet	0.350774468569
19065	Fayette	0.546073321625
19067	Floyd	0.518229523147
19069	Franklin	0.487736278722
19071	Fremont	0.638500760368
19073	Greene	0.589610894842
19075	Grundy	0.623505392841
19079	Hamilton	0.432163087381
19081	Hancock	0.537365131499
19083	Hardin	0.572586150403
40045	Ellis	0.631700355239
19095	Iowa	0.566253780532
19097	Jackson	0.38787051795
40047	Garfield	0.499818512935
19103	Johnson	0.553847276568
19105	Jones	0.526922562235
19109	Kossuth	0.605662952803
19111	Lee	0.403385067989
19113	Linn	0.572078940202
19115	Louisa	0.440141441683
19121	Madison	0.65033237651
19123	Mahaska	0.480697298872
19125	Marion	0.430175647089
19127	Marshall	0.475109718731
19133	Monona	0.568531145039
19135	Monroe	0.467034697713
32007	Elko	0.469124803812
19139	Muscatine	0.511199191116
19145	Page	0.745109345768
19149	Plymouth	0.587835355571
19153	Polk	0.540437851832
19155	Pottawattamie	0.468100863569
19157	Poweshiek	0.42256070622
19163	Scott	0.536510745103
19165	Shelby	0.577351071194
19167	Sioux	0.465176918132
19169	Story	0.521495997014
19171	Tama	0.49579782498
19175	Union	0.525381361986
19179	Wapello	0.426521615651
19181	Warren	0.616817601493
19183	Washington	0.755389387903
19187	Webster	0.515079749135
19191	Winneshiek	0.597658132652
11001	District of Columbia	0.575042638445
48255	Karnes	0.523492279688
19197	Wright	0.61311251151
40065	Jackson	0.565651869876
55087	Outagamie	0.582143723676
40073	Kingfisher	0.600703605735
48273	Kleberg	0.496655258401
40037	Creek	0.588585292278
40083	Logan	0.530169324832
48277	Lamar	0.50549912586
48279	Lamb	0.520874391796
40089	McCurtain	0.53545083759
48283	La Salle	0.406535868613
48287	Lee	0.535966280483
40097	Mayes	0.598010947461
47019	Carter	0.512341516036
48291	Liberty	0.468778083986
40101	Muskogee	0.494802186616
44001	Bristol	0.547964638985
44003	Kent	0.483800780575
44005	Newport	0.554952781611
44007	Providence	0.533473176088
44009	Washington	0.514151935623
55123	Vernon	0.464475580391
36015	Chemung	0.509731126443
48309	McLennan	0.565982497774
48303	Lubbock	0.559997744853
48313	Madison	0.512728810452
29201	Scott	0.561024083668
29207	Stoddard	0.534934651874
6077	San Joaquin	0.514301796944
40133	Seminole	0.423025285519
36001	Albany	0.50688008116
36003	Allegany	0.504052371737
36005	Bronx	0.551104947051
36007	Broome	0.522023049553
36009	Cattaraugus	0.55321031498
36011	Cayuga	0.513742052047
36013	Chautauqua	0.518268435956
29213	Taney	0.554710656446
36017	Chenango	0.577959114352
36019	Clinton	0.538037890437
36021	Columbia	0.550593492949
36023	Cortland	0.531583691765
36025	Delaware	0.579843283969
36027	Dutchess	0.529779538061
36029	Erie	0.531002854669
36031	Essex	0.650606989471
36033	Franklin	0.517183453254
36035	Fulton	0.434046260892
36037	Genesee	0.572696185583
29217	Vernon	0.685822136137
36043	Herkimer	0.44879991343
36045	Jefferson	0.51716964525
36047	Kings	0.592515169286
36051	Livingston	0.478753924527
36053	Madison	0.594305335135
36055	Monroe	0.514360247289
36057	Montgomery	0.570138477715
36059	Nassau	0.545172137758
36061	New York	0.621650212391
36063	Niagara	0.528195152124
36065	Oneida	0.526565749449
36067	Onondaga	0.525107809103
36069	Ontario	0.526256331088
6111	Ventura	0.552234199661
36071	Orange	0.527065602186
36073	Orleans	0.474074955574
36075	Oswego	0.469161273062
36077	Otsego	0.481132795094
36079	Putnam	0.614667401431
36081	Queens	0.5680503795
36083	Rensselaer	0.546039527377
36085	Richmond	0.543185981015
36087	Rockland	0.513914253424
36089	St. Lawrence	0.510479759514
36091	Saratoga	0.555404749007
36093	Schenectady	0.538715546263
36095	Schoharie	0.538367009371
36099	Seneca	0.504133113113
36101	Steuben	0.532320330833
36103	Suffolk	0.530062936512
36105	Sullivan	0.541083305999
36107	Tioga	0.510205265971
36109	Tompkins	0.538686505899
36111	Ulster	0.586007715178
36113	Warren	0.479408484874
36115	Washington	0.458650269362
36117	Wayne	0.482409555589
36119	Westchester	0.542282326254
36121	Wyoming	0.685276758876
36123	Yates	0.634035658451
47031	Coffee	0.550460457609
6115	Yuba	0.509116725869
28001	Adams	0.486317388539
28003	Alcorn	0.553456184984
28007	Attala	0.510066914805
28011	Bolivar	0.549523027453
28017	Chickasaw	0.409924677346
28021	Claiborne	0.505598197029
12117	Seminole	0.540926033345
28023	Clarke	0.544592987547
28025	Clay	0.480573966426
28027	Nuevo Laredo, Tamaulipas	0.499956636041
28029	Copiah	0.419339185413
28031	Covington	0.438315563694
28032	Reynosa, Tamaulipas	0.540752873715
28033	DeSoto	0.563112806092
28035	Forrest	0.493370103725
28045	Hancock	0.522927969557
28047	Harrison	0.507783700487
32031	Washoe	0.528034313984
28049	Hinds	0.504655302419
28051	Holmes	0.422513100925
47001	Anderson	0.525759411737
28057	Itawamba	0.540298097557
28059	Jackson	0.498857515861
28061	Jasper	0.541691882962
28063	Jefferson	0.558153800071
28065	Jefferson Davis	0.463783914832
28067	Jones	0.332130406184
28069	Kemper	0.560988352234
28071	Lafayette	0.556704994556
28073	Lamar	0.534895540082
28075	Lauderdale	0.465454175748
28077	Lawrence	0.58596535861
6045	Mendocino	0.550513515862
28081	Lee	0.489730962791
28083	Leflore	0.551835204093
28085	Lincoln	0.542861536477
28087	Lowndes	0.445534251824
28089	Madison	0.559345094682
28091	Marion	0.397411162803
28095	Monroe	0.430178554919
28097	Montgomery	0.512916080198
28099	Neshoba	0.573437985088
28101	Newton	0.474607354842
28103	Noxubee	0.456042653276
28105	Oktibbeha	0.517388222272
28107	Panola	0.726103079967
28109	Pearl River	0.500226191625
28111	Perry	0.419089299761
28113	Pike	0.501436014963
28115	Pontotoc	0.680950526442
28117	Prentiss	0.430631316891
28121	Rankin	0.507564095864
28123	Scott	0.4320101932
28127	Simpson	0.537746035446
28131	Stone	0.452596943423
28135	Tallahatchie	0.578106182019
28137	Tate	0.621816886577
28139	Tippah	0.75901219359
28141	Tishomingo	0.644295341714
28143	Tunica	0.460474085123
28145	Union	0.565331484478
28149	Warren	0.581357640844
28151	Washington	0.532363383901
28161	Yalobusha	0.383625600458
28163	Yazoo	0.36064407604
47021	Cheatham	0.476343732507
47023	Chester	0.599719925657
32005	Douglas	0.477121888956
20001	Allen	0.508013785315
20003	Anderson	0.470867987765
20005	Atchison	0.5577139772
47025	Claiborne	0.510218847632
20009	Barton	0.577441647151
20011	Bourbon	0.498743716243
20015	Butler	0.493877048059
6067	Sacramento	0.544840340024
20021	Cherokee	0.260438440608
20029	Cloud	0.568586349271
20031	Coffey	0.423622978462
20035	Cowley	0.544046935958
20037	Crawford	0.545479275308
20041	Dickinson	0.67937633487
20043	Doniphan	0.572414155839
20045	Douglas	0.531505029787
48397	Rockwall	0.553621555808
20051	Ellis	0.549887641027
20053	Ellsworth	0.56601677695
20055	Finney	0.496739527621
20057	Ford	0.426299563088
20059	Franklin	0.503228232791
20061	Geary	0.466726001046
20067	Grant	0.669411994426
20079	Harvey	0.572292365843
20089	Jewell	0.480307491075
20091	Johnson	0.55758700081
20099	Labette	0.577544610704
20103	Leavenworth	0.476184700566
20111	Lyon	0.556662057566
20113	McPherson	0.633561045699
51139	Page	0.566076467333
20121	Miami	0.684649756436
20125	Montgomery	0.50768942694
6085	Santa Clara	0.563445698093
20133	Neosho	0.425574964156
6087	Santa Cruz	0.534954560332
20145	Pawnee	0.603296502923
20151	Pratt	0.446172440038
20155	Reno	0.5609630037
20157	Republic	0.60531939923
20159	Rice	0.578001124875
20161	Riley	0.540260030111
20163	Rooks	0.506042512595
20167	Russell	0.612965649045
20169	Saline	0.497140292564
20173	Sedgwick	0.541102962816
20175	Seward	0.482620089578
20177	Shawnee	0.6193795051
47055	Giles	0.612357645943
20189	Stevens	0.484913222539
20191	Sumner	0.436023562226
12001	Alachua	0.551230937207
12003	Baker	0.519334019318
12005	Bay	0.51816201872
51153	Prince William	0.521492194389
12009	Brevard	0.526040147742
12011	Broward	0.553223658114
12015	Charlotte	0.490407756861
12017	Citrus	0.528043971953
12019	Clay	0.491943935746
12021	Collier	0.564441138217
12023	Columbia	0.473699463574
12027	DeSoto	0.625696990739
12031	Duval	0.538458840234
12033	Escambia	0.490383841211
12035	Flagler	0.439384260292
12039	Gadsden	0.465641284436
53001	Adams	0.598259390839
12043	Glades	0.309349508785
53005	Benton	0.539016963608
12047	Hamilton	0.464366566789
12049	Hardee	0.436204833274
53011	Clark	0.516110271844
12053	Hernando	0.585375884611
12055	Highlands	0.571413934471
12057	Hillsborough	0.542259864472
12059	Holmes	0.525438227719
53021	Franklin	0.533307376651
12063	Jackson	0.559581634081
12065	Jefferson	0.525415518607
53027	Grays Harbor	0.503591918188
12069	Lake	0.516927864455
12071	Lee	0.554381731779
53033	King	0.618985420302
53035	Kitsap	0.558569477191
53037	Kittitas	0.553518421239
6109	Tuolumne	0.474738365969
12081	Manatee	0.57713969788
12083	Marion	0.548628744605
12085	Martin	0.503248310994
12086	Miami-Dade	0.588027202748
12089	Nassau	0.550127129192
12091	Okaloosa	0.540255629139
53053	Pierce	0.522166891224
12095	Orange	0.570693425538
53057	Skagit	0.675375124602
12099	Palm Beach	0.568331854503
12101	Pasco	0.52130565477
53063	Spokane	0.563688667249
12105	Polk	0.546303362824
12107	Putnam	0.47933752997
12109	St. Johns	0.556513588449
53071	Walla Walla	0.568131823565
12113	Santa Rosa	0.528565763513
53075	Whitman	0.54227568232
53077	Yakima	0.489909909858
12119	Sumter	0.62520666297
12121	Suwannee	0.534717362631
12123	Taylor	0.44696572355
12125	Union	0.489637743866
12127	Volusia	0.518067208384
12129	Wakulla	0.541699633329
12131	Walton	0.610204122578
12133	Washington	0.522427738002
4001	Apache	0.525088330791
4003	Cochise	0.519112492549
4005	Coconino	0.517977788381
4007	Gila	0.747455496088
4009	Graham	0.506566944346
4012	La Paz	0.659991278254
4013	Maricopa	0.55826402952
4015	Mohave	0.542499785661
4017	Navajo	0.583178896401
4019	Pima	0.530706392721
4021	Pinal	0.518982804074
4023	Santa Cruz	0.575056298048
4025	Yavapai	0.581855010234
4027	Yuma	0.525611323962
45001	Abbeville	0.510760846555
47053	Gibson	0.533962920744
45003	Aiken	0.530941473093
45005	Allendale	0.485452326294
45007	Anderson	0.541305532433
45009	Bamberg	0.423260373214
45011	Barnwell	0.487658155535
45013	Beaufort	0.561150282102
45015	Berkeley	0.530891897887
45019	Charleston	0.512321451955
45021	Cherokee	0.503263142373
45023	Chester	0.457425090834
45025	Chesterfield	0.480838350051
45027	Clarendon	0.436046614549
45029	Colleton	0.489686155873
45031	Darlington	0.516186001316
45033	Dillon	0.50898798856
45035	Dorchester	0.542042658377
45037	Edgefield	0.494485184422
45039	Fairfield	0.737655077282
45041	Florence	0.52494662334
45043	Georgetown	0.45970389513
45045	Greenville	0.53805509324
45047	Greenwood	0.500782515192
45049	Hampton	0.592211229911
45051	Horry	0.524843983978
45053	Jasper	0.47952107526
45055	Kershaw	0.476815910357
45057	Lancaster	0.559332789694
45059	Laurens	0.491088797031
45061	Lee	0.775707585237
45063	Lexington	0.524945004017
45065	McCormick	0.363227749482
45067	Marion	0.474558321145
45069	Marlboro	0.580607118854
45071	Newberry	0.524959623765
45073	Oconee	0.464570806447
45075	Orangeburg	0.483711015816
45077	Pickens	0.569761062255
45079	Richland	0.533576130463
45081	Saluda	0.566884778217
45083	Spartanburg	0.5244609156
45085	Sumter	0.463179415528
45087	Union	0.417837881701
45089	Williamsburg	0.539432264577
45091	York	0.530979753628
47057	Grainger	0.656146337089
47123	Monroe	0.569156363534
8051	Gunnison	0.622278202694
47059	Greene	0.523852883755
37001	Alamance	0.497500808969
37003	Alexander	0.630591830133
37005	Alleghany	0.503179221123
37011	Avery	0.589817451817
37013	Beaufort	0.568084749387
37015	Bertie	0.541643242483
37017	Bladen	0.56860630925
37019	Brunswick	0.588011227063
37021	Buncombe	0.540028838584
37023	Burke	0.560091686327
37025	Cabarrus	0.563424967409
37027	Caldwell	0.551840792547
37029	Camden	0.436147114998
37031	Carteret	0.560264763829
37033	Caswell	0.648626822072
37035	Catawba	0.562020406248
37037	Chatham	0.60749237427
37039	Cherokee	0.449654704076
37041	Chowan	0.686647672091
37043	Clay	0.597874527256
37045	Cleveland	0.557738658192
13001	Appling	0.413248923892
37049	Craven	0.504802794933
47061	Grundy	0.648837014872
37051	Cumberland	0.506523166795
37053	Currituck	0.42591587665
37055	Dare	0.590789915946
37057	Davidson	0.531138492757
37059	Davie	0.558895316017
37061	Duplin	0.503387470721
37063	Durham	0.534556905187
37065	Edgecombe	0.540161694096
37067	Forsyth	0.531959831822
37069	Franklin	0.457778186408
37071	Gaston	0.522683196876
37073	Gates	0.483408420437
37075	Graham	0.578491703493
37077	Granville	0.555207535158
37079	Greene	0.610229562111
37081	Guilford	0.538450535522
37083	Halifax	0.478859250543
37085	Harnett	0.522052116157
37087	Haywood	0.716143716239
37089	Henderson	0.503818453319
37091	Hertford	0.455554054616
37093	Hoke	0.53253359009
37097	Iredell	0.566655525421
37099	Jackson	0.53407007766
37101	Johnston	0.527013264537
37103	Jones	0.330026738575
37105	Lee	0.47077891601
37107	Lenoir	0.514006132192
37109	Lincoln	0.574558673283
47063	Hamblen	0.560386498685
37113	Macon	0.596207859106
37115	Madison	0.547103726234
37117	Martin	0.470193034792
37119	Mecklenburg	0.555619259302
37123	Montgomery	0.603443387417
37125	Moore	0.531206932896
37127	Nash	0.541965825219
37129	New Hanover	0.556307644589
21207	Russell	0.487985187106
37133	Onslow	0.521166110679
37135	Orange	0.554438903361
37137	Pamlico	0.628363438732
37139	Pasquotank	0.557135736968
37141	Pender	0.515346448677
37143	Perquimans	0.526016088211
37145	Person	0.540867836275
37147	Pitt	0.52573270629
37149	Polk	0.310680985713
37151	Randolph	0.548170730075
37153	Richmond	0.5916363252
37155	Robeson	0.495176604145
37157	Rockingham	0.511505438546
37159	Rowan	0.495629509869
37161	Rutherford	0.532147498996
37163	Sampson	0.519845128028
37165	Scotland	0.508737801953
37167	Stanly	0.505388672865
37169	Stokes	0.553851330311
37171	Surry	0.542591037605
37175	Transylvania	0.48917366078
37179	Union	0.534666115648
37181	Vance	0.46934702719
37183	Wake	0.55787595291
37185	Warren	0.504989144806
37187	Washington	0.487232572471
37189	Watauga	0.540456537198
37191	Wayne	0.456739196203
29001	Adair	0.432572014542
53067	Thurston	0.505641709149
29003	Andrew	0.543331927226
37197	Yadkin	0.609597788047
37199	Yancey	0.622801458609
29009	Barry	0.475295574153
21219	Todd	0.552317209437
29019	Boone	0.541410188439
29021	Buchanan	0.545132254761
29023	Butler	0.482800294637
29027	Callaway	0.541837974869
29029	Camden	0.546852790858
29031	Cape Girardeau	0.454329063937
29033	Carroll	0.604917878699
29037	Cass	0.564770758845
29043	Christian	0.574874595324
13033	Burke	0.531797284024
29051	Cole	0.579668033836
13035	Butts	0.500895478566
29069	Dunklin	0.43760729451
29071	Franklin	0.523017387625
47171	Unicoi	0.524024655802
29077	Greene	0.528659947011
29089	Howard	0.543302764578
29091	Howell	0.650550102322
29095	Jackson	0.554909218847
29097	Jasper	0.532708587022
29099	Jefferson	0.49053176602
29101	Johnson	0.481551628115
29105	Laclede	0.252678408638
29107	Lafayette	0.559859697617
29109	Lawrence	0.69304843441
29111	Lewis	0.617649575073
29113	Lincoln	0.560364604789
29115	Linn	0.57423070435
29117	Livingston	0.579830600658
54005	Boone	0.519707554874
40061	Haskell	0.475729485036
29127	Marion	0.515872535337
21239	Woodford	0.546703086879
29133	Mississippi	0.482580592002
29143	New Madrid	0.575818470781
29145	Newton	0.601704451861
29147	Nodaway	0.637001680941
29155	Pemiscot	0.442846509061
29159	Pettis	0.462497723736
29161	Phelps	0.503461440697
29165	Platte	0.53948349551
29167	Polk	0.544129566188
29169	Pulaski	0.447797142777
29173	Ralls	0.564770670376
29175	Randolph	0.503903451632
29181	Ripley	0.267902898267
29183	St. Charles	0.555556422353
29186	Ste. Genevieve	0.42485650026
29187	St. Francois	0.543503507159
29189	St. Louis	0.532403767919
21001	Adair	0.545144062076
29195	Saline	0.584212325111
21005	Anderson	0.71600260562
21009	Barren	0.712933474726
21011	Bath	0.578487080418
21013	Bell	0.479345006488
21015	Boone	0.55490977186
29209	Stone	0.674516193183
21019	Boyd	0.516185493499
21021	Boyle	0.549407470498
21023	Bracken	0.577467695085
21025	Breathitt	0.396862297498
29219	Warren	0.617343675565
21029	Bullitt	0.519658866476
29223	Wayne	0.547081249426
21033	Caldwell	0.653866950206
21035	Calloway	0.508308974009
21037	Campbell	0.548004007306
21039	Carlisle	0.406843501892
21041	Carroll	0.506755122977
21043	Carter	0.569144022779
21047	Christian	0.523239520969
21049	Clark	0.520508528891
21051	Clay	0.464678022777
21059	Daviess	0.53721135558
21061	Edmonson	0.57252021426
21065	Estill	0.626995223207
21067	Fayette	0.562891272342
21069	Fleming	0.69386962456
21071	Floyd	0.491657981688
21073	Franklin	0.525702672284
21079	Garrard	0.674323493824
21081	Grant	0.475489411719
21083	Graves	0.536642521409
21085	Grayson	0.560431507018
21089	Greenup	0.46823235777
21091	Hancock	0.682032503791
21093	Hardin	0.524901269889
21095	Harlan	0.511380789815
21097	Harrison	0.56755485599
21099	Hart	0.527617463598
21101	Henderson	0.550155901022
21103	Henry	0.57879600524
21107	Hopkins	0.401866941042
21111	Jefferson	0.56219050031
21113	Jessamine	0.553981689434
21115	Johnson	0.344439122121
21117	Kenton	0.50951341322
21119	Knott	0.36045450896
21121	Knox	0.524750545893
21123	Larue	0.44525877005
21125	Laurel	0.562407230044
21127	Lawrence	0.54709739082
21131	Leslie	0.516219449636
21133	Letcher	0.309262082044
21137	Lincoln	0.220147376062
21141	Logan	0.459201332171
21143	Lyon	0.699146767335
21145	McCracken	0.517289197458
21147	McCreary	0.464112896722
21151	Madison	0.523839934484
21153	Magoffin	0.535000738865
54043	Lincoln	0.452011170372
21157	Marshall	0.440156446303
21159	Martin	0.380224287474
21161	Mason	0.636007350082
21163	Meade	0.563370306918
21167	Mercer	0.440068419482
21169	Metcalfe	0.532080634443
21173	Montgomery	0.591007587221
21175	Morgan	0.466124044764
21177	Muhlenberg	0.562114798433
21179	Nelson	0.567148078961
21183	Ohio	0.53064130276
21185	Oldham	0.455766283064
21187	Owen	0.332269708444
5051	Garland	0.580723342396
54049	Marion	0.480490626028
21193	Perry	0.551695631821
21195	Pike	0.538398365254
13005	Bacon	0.653034876195
21199	Pulaski	0.607994644623
13009	Baldwin	0.496633606392
54051	Marshall	0.372556796663
13013	Barrow	0.576958628111
13015	Bartow	0.505656504177
21209	Scott	0.529835327839
13019	Berrien	0.499982837712
13021	Bibb	0.504740494038
13023	Bleckley	0.504613776815
21217	Taylor	0.574648497514
13027	Brooks	0.657386530026
13029	Bryan	0.435017330373
13031	Bulloch	0.508412119189
21225	Union	0.562433885103
21227	Warren	0.507558803587
21229	Washington	0.649396070237
13039	Camden	0.539350899101
54001	Barbour	0.432048055758
54003	Berkeley	0.549337513172
13045	Carroll	0.514148977928
13047	Catoosa	0.534510249755
13049	Charlton	0.620715770173
54011	Cabell	0.554689906315
13053	Chattahoochee	0.504062604801
13055	Chattooga	0.380746002186
13057	Cherokee	0.544262597392
54019	Fayette	0.524992477948
13063	Clayton	0.60433904953
54025	Greenbrier	0.522773368821
54027	Hampshire	0.578188252762
54029	Hancock	0.487373157953
54031	Hardy	0.548554327144
54033	Harrison	0.560288733872
54035	Jackson	0.51585657358
54037	Jefferson	0.55590960968
54039	Kanawha	0.541742007431
54041	Lewis	0.492849104673
9007	Middlesex	0.516244773855
54045	Logan	0.483109923011
54047	McDowell	0.278160693466
13089	DeKalb	0.533042904784
13091	Dodge	0.563681811318
54053	Mason	0.536979031241
17201	Winnebago	0.503878528513
54057	Mineral	0.460795244923
13099	Early	0.517527022952
54061	Monongalia	0.554605967205
13103	Effingham	0.575162214332
54065	Morgan	0.536326494615
54067	Nicholas	0.540862585496
54069	Ohio	0.549895217547
54073	Pleasants	0.323567197058
13115	Floyd	0.496721490836
13117	Forsyth	0.573477406435
54079	Putnam	0.509809915133
13121	Fulton	0.545901746667
54083	Randolph	0.492906560081
54085	Ritchie	0.612958518069
29510	St. Louis	0.563090184484
54087	Roane	0.699145013227
13129	Gordon	0.387089927904
54091	Taylor	0.398259904276
8075	Logan	0.531231003818
13133	Greene	0.541645698398
13135	Gwinnett	0.524712515699
54097	Upshur	0.435312390204
54099	Wayne	0.531805308797
54101	Webster	0.302819720026
13113	Fayette	0.601894954756
13145	Harris	0.517636554424
54107	Wood	0.483208409157
54109	Wyoming	0.5289841005
13151	Henry	0.523146363695
13153	Houston	0.497434594488
13157	Jackson	0.44324210437
13161	Jeff Davis	0.354351165798
13163	Jefferson	0.46242516207
13165	Jenkins	0.522795078502
54077	Preston	0.514775422502
13169	Jones	0.585733574954
13171	Lamar	0.458486678973
13175	Laurens	0.494359569143
13177	Lee	0.426847061327
13179	Liberty	0.48540612353
13183	Long	0.496440937128
13185	Lowndes	0.511882418822
13187	Lumpkin	0.512345162621
13189	McDuffie	0.531312280709
54081	Raleigh	0.498351255485
13193	Macon	0.577336785107
5002	Acuna, Coahuila de Zaragoza	0.651333981641
13195	Madison	0.47855695297
5005	Baxter	0.645988447615
5007	Benton	0.491480790016
5009	Boone	0.51101888967
5010	Frontera, Coahuila de Zaragoza	0.583600104548
13123	Gilmer	0.663241466736
13205	Mitchell	0.512613220855
13207	Monroe	0.538094509264
13209	Montgomery	0.548004373089
5018	Monclova, Coahuila de Zaragoza	0.580769483065
5019	Clark	0.469967214416
5020	Muzquiz, Coahuila de Zaragoza	0.467942162224
13213	Murray	0.601684499689
5022	Nava, Coahuila de Zaragoza	0.306456100699
13215	Muscogee	0.531714538378
13217	Newton	0.530002479423
5027	Columbia	0.537069885053
5028	Sabinas, Coahuila de Zaragoza	0.540459745394
13223	Paulding	0.551439846026
5032	San Juan de Sabinas, Coahuila de Zaragoza	0.568111668112
5033	Crawford	0.629758085435
5035	Crittenden	0.604826979915
13229	Pierce	0.562539169749
13231	Pike	0.537227614959
13233	Polk	0.484315166595
5043	Drew	0.617067020128
5045	Faulkner	0.550705168473
54089	Summers	0.537454636927
46011	Brookings	0.495093980306
13245	Richmond	0.497253022924
29221	Washington	0.71049919468
13247	Rockdale	0.536965633316
5057	Hempstead	0.515306362757
13251	Screven	0.616545580618
5061	Howard	0.635704708472
13255	Spalding	0.463639621742
13257	Stephens	0.453646928376
46027	Clay	0.461339313636
13261	Sumter	0.470508321099
5071	Johnson	0.579804694884
48043	Brewster	0.489955801502
5075	Lawrence	0.44377453895
13273	Terrell	0.454550444775
13275	Thomas	0.5059320994
13277	Tift	0.482550152185
13279	Toombs	0.452194638742
13281	Towns	0.531822678673
13283	Treutlen	0.657837326416
13285	Troup	0.42471633547
13137	Habersham	0.548815326351
5099	Nevada	0.544210282267
13293	Upson	0.552463906559
13295	Walker	0.64473756468
13297	Walton	0.556312068323
13139	Hall	0.49904193952
13301	Warren	0.598907659909
13303	Washington	0.436713379809
1065	Hale	0.500750459909
5113	Polk	0.583385425949
5115	Pope	0.526548401364
13309	Wheeler	0.52289609258
5119	Pulaski	0.558498217615
46081	Lawrence	0.614510673829
5123	St. Francis	0.608485939896
13317	Wilkes	0.472805564118
13143	Haralson	0.525349860795
5133	Sevier	0.538275808802
5137	Stone	0.487950060192
5139	Union	0.514266853835
46103	Pennington	0.556909694723
5145	White	0.645760367128
46109	Roberts	0.552790327883
46113	Shannon	0.431225702867
13147	Hart	0.456617678798
46127	Union	0.696011811295
46135	Yankton	0.644628819401
46137	Ziebach	0.474957628998
38003	Barnes	0.562680742709
38015	Burleigh	0.52214595726
38017	Cass	0.528618273342
38035	Grand Forks	0.637944479425
38077	Richland	0.556772965174
38085	Sioux	0.383664123887
49005	Cache	0.587403236212
38089	Stark	0.58407939004
38093	Stutsman	0.528207253214
46005	Beadle	0.610792462648
39123	Ottawa	0.531735281514
51735	Poquoson	0.444842088142
47099	Lawrence	0.585597854922
5001	Arkansas	0.514795853281
5003	Ashley	0.432386607285
30031	Gallatin	0.562226965973
13199	Meriwether	0.492804545868
30049	Lewis and Clark	0.661225344052
13201	Miller	0.534857692848
30057	Madison	0.685967785825
30063	Missoula	0.651427813221
5093	Mississippi	0.526744496744
39147	Seneca	0.491659712175
30093	Silver Bow	0.526725302484
5017	Chicot	0.531690755485
30111	Yellowstone	0.591624378686
13211	Morgan	0.461790782576
5021	Clay	0.526047048794
5025	Piedras Negras, Coahuila de Zaragoza	0.608184520995
46013	Brown	0.532363216703
13219	Oconee	0.585943163651
5031	Craighead	0.554383873693
21191	Pendleton	0.628473144751
22001	Acadia	0.51329703055
22003	Allen	0.504809887363
22005	Ascension	0.511575486059
13225	Peach	0.529683538868
5111	Poinsett	0.765871705306
22009	Avoyelles	0.499045207865
22011	Beauregard	0.446040630098
22013	Bienville	0.434713481832
22015	Bossier	0.510364257961
22017	Caddo	0.511859127773
40027	Cleveland	0.517051762149
13227	Pickens	0.631854967261
22023	Cameron	0.481881785623
22027	Claiborne	0.457400292746
22029	Concordia	0.573219549894
22031	De Soto	0.538238692813
22033	East Baton Rouge	0.500772018564
22037	East Feliciana	0.471002826316
29225	Webster	0.704334718869
22039	Evangeline	0.500010822826
22043	Grant	0.616714051497
22045	Iberia	0.47979508164
22047	Iberville	0.461139312322
22049	Jackson	0.5040062954
22051	Jefferson	0.524421691578
22053	Jefferson Davis	0.480122625506
22055	Lafayette	0.503350630844
22057	Lafourche	0.513954307642
22059	La Salle	0.61265490336
22061	Lincoln	0.530280574529
22063	Livingston	0.570842087242
22065	Madison	0.43834588862
22067	Morehouse	0.469357998332
22069	Natchitoches	0.437630064101
22071	Orleans	0.515836759342
22073	Ouachita	0.50655388393
22075	Plaquemines	0.418942468053
22077	Pointe Coupee	0.553490479378
13237	Putnam	0.46117821974
22081	Red River	0.43058170344
22085	Sabine	0.490509678365
22087	St. Bernard	0.459780279915
22089	St. Charles	0.508375419219
22091	St. Helena	0.44022526725
22093	St. James	0.489960265996
22095	St. John the Baptist	0.483534374
22097	St. Landry	0.478218729972
22099	St. Martin	0.55167098384
22101	St. Mary	0.493676256004
13011	Banks	0.567559056223
22103	St. Tammany	0.54930749198
22105	Tangipahoa	0.507213314733
22109	Terrebonne	0.491480831209
22111	Union	0.511728732266
22113	Vermilion	0.521282042486
22115	Vernon	0.452337589404
22117	Washington	0.544385880156
40017	Canadian	0.566793012652
22119	Webster	0.403955829597
22121	West Baton Rouge	0.505561603782
5053	Grant	0.37185465104
48201	Harris	0.534203119368
5055	Greene	0.49369829922
47011	Bradley	0.49080771751
5059	Hot Spring	0.55841813799
5063	Independence	0.525708309041
5067	Jackson	0.475620438197
5069	Jefferson	0.54141588861
55009	Brown	0.515099438027
55011	Buffalo	0.730155139799
55015	Calumet	0.650457187928
55017	Chippewa	0.487323455101
55019	Clark	0.419539126243
55021	Columbia	0.666186905616
55023	Crawford	0.59392077148
55025	Dane	0.566605564126
13267	Tattnall	0.540740322541
55031	Douglas	0.511046192806
55033	Dunn	0.549468752014
55035	Eau Claire	0.542705578977
55039	Fond du Lac	0.559057677934
55043	Grant	0.513574932572
55045	Green	0.489711899287
55055	Jefferson	0.593541614365
22019	Calcasieu	0.51067198191
55057	Juneau	0.608251724132
55059	Kenosha	0.52444080537
5081	Little River	0.455324840402
55071	Manitowoc	0.523860786103
55073	Marathon	0.508372339419
5083	Logan	0.587014835657
55079	Milwaukee	0.520837283754
55081	Monroe	0.509281114957
5085	Lonoke	0.526642753147
55089	Ozaukee	0.549412653809
55093	Pierce	0.588707644733
55027	Dodge	0.432932388012
55097	Portage	0.566268333441
55101	Racine	0.507636456466
55105	Rock	0.494331344057
55109	St. Croix	0.59679489217
55111	Sauk	0.559794854236
55115	Shawano	0.527075073202
55117	Sheboygan	0.512004451588
55121	Trempealeau	0.49175618027
5091	Miller	0.411511863505
21203	Rockcastle	0.59332345245
55127	Walworth	0.558182095828
55131	Washington	0.458280234056
55133	Waukesha	0.58713054066
55135	Waupaca	0.450324296902
55139	Winnebago	0.514179464292
6001	Alameda	0.557947636103
20115	Marion	0.538125220593
6005	Amador	0.618803726297
6007	Butte	0.511253262722
6009	Calaveras	0.540978195491
6011	Colusa	0.577424156964
6013	Contra Costa	0.583938274688
6015	Del Norte	0.521114230788
6017	El Dorado	0.555128391821
13291	Union	0.291759447403
6021	Glenn	0.536135584916
6023	Humboldt	0.540263592949
6025	Imperial	0.516173873083
6027	Inyo	0.714312591525
6029	Kern	0.53651750489
6031	Kings	0.507233013228
6033	Lake	0.559687389166
21205	Rowan	0.534363309857
6035	Lassen	0.640114641961
6037	Los Angeles	0.569654644004
6039	Madera	0.553151738756
6041	Marin	0.596114664144
5103	Ouachita	0.533876020221
47005	Benton	0.46656305965
6047	Merced	0.51863660774
47009	Blount	0.509004022365
6051	Mono	0.370358859664
47013	Campbell	0.564775772171
6055	Napa	0.579135479683
47017	Carroll	0.485492017513
46029	Codington	0.596518597733
6059	Orange	0.557865666143
6061	Placer	0.525715425766
6063	Plumas	0.47295698919
6065	Riverside	0.54035307415
13299	Ware	0.533669956327
47029	Cocke	0.494852229187
6071	San Bernardino	0.538352240684
6073	San Diego	0.568300203394
47035	Cumberland	0.568162531383
47037	Davidson	0.587902571224
6079	San Luis Obispo	0.568758361142
47041	DeKalb	0.563572439129
47043	Dickson	0.50509126259
47045	Dyer	0.658319573592
47047	Fayette	0.475460014163
6089	Shasta	0.561557846287
47051	Franklin	0.467514910531
6093	Siskiyou	0.436042080785
13243	Randolph	0.342072177069
6095	Solano	0.512131403261
6097	Sonoma	0.545937587148
6099	Stanislaus	0.534538202668
6101	Sutter	0.546402723008
6103	Tehama	0.60848278556
47065	Hamilton	0.516324130914
6107	Tulare	0.540316801667
47069	Hardeman	0.591404228943
47071	Hardin	0.539220199126
6113	Yolo	0.509713382899
47075	Haywood	0.624213219051
47077	Henderson	0.558657799991
47079	Henry	0.561263199475
47085	Humphreys	0.61727686692
47089	Jefferson	0.524948030335
47093	Knox	0.562858514546
47097	Lauderdale	0.477294021283
13025	Brantley	0.461049015624
47101	Lewis	0.597871028641
47103	Lincoln	0.565033812537
47105	Loudon	0.534818077733
47107	McMinn	0.494853263039
47109	McNairy	0.770085420943
13313	Whitfield	0.569594226947
47113	Madison	0.506672370033
47115	Marion	0.495640549973
47117	Marshall	0.570352816225
47119	Maury	0.46846601222
47121	Meigs	0.574006980232
46083	Lincoln	0.601573241113
47125	Montgomery	0.557338784493
47129	Morgan	0.428306697392
48215	Hidalgo	0.498030589546
47131	Obion	0.536047365164
5125	Saline	0.449307497052
47139	Polk	0.70597418272
47141	Putnam	0.572635425356
47143	Rhea	0.588712599099
47145	Roane	0.482814627563
47147	Robertson	0.396517255938
47149	Rutherford	0.563860506019
47151	Scott	0.511992688753
47155	Sevier	0.591196714984
47157	Shelby	0.560896768098
47159	Smith	0.553959646234
47161	Stewart	0.663721301451
47163	Sullivan	0.5739019124
47165	Sumner	0.609416359
47167	Tipton	0.650208978112
5131	Sebastian	0.590850658505
47173	Union	0.689561674743
21211	Shelby	0.46221944012
47177	Warren	0.467973499097
47179	Washington	0.537219105379
47183	Weakley	0.514098531434
47185	White	0.299566158507
47187	Williamson	0.596965998438
47189	Wilson	0.56571202353
39001	Adams	0.617091988851
39003	Allen	0.487408183229
39005	Ashland	0.560332235911
46035	Davison	0.710384746833
39007	Ashtabula	0.475496587698
39009	Athens	0.575515880456
39011	Auglaize	0.502944515641
39013	Belmont	0.4698066139
39015	Brown	0.563379098089
39017	Butler	0.544242984191
39019	Carroll	0.492738287146
39021	Champaign	0.484962786063
39023	Clark	0.48903229357
39025	Clermont	0.519898371515
39027	Clinton	0.503602304179
39029	Columbiana	0.486577376281
39031	Coshocton	0.501278593902
39033	Crawford	0.498713861018
39035	Cuyahoga	0.532910519946
39037	Darke	0.593691776947
39039	Defiance	0.568089414359
48051	Burleson	0.543655948163
39041	Delaware	0.579900356692
21213	Simpson	0.455748734291
39043	Erie	0.507632322769
39045	Fairfield	0.57874738165
39047	Fayette	0.444953662593
39049	Franklin	0.559979092239
39051	Fulton	0.440698434936
39053	Gallia	0.468374529081
39055	Geauga	0.569784283892
39057	Greene	0.526313611566
39059	Guernsey	0.517518641061
39061	Hamilton	0.520793075338
39063	Hancock	0.600573323136
39065	Hardin	0.507011218272
39069	Henry	0.522421598404
21155	Marion	0.475161633822
39071	Highland	0.480871386091
39075	Holmes	0.510433146876
39077	Huron	0.50054582124
39079	Jackson	0.584003339002
39081	Jefferson	0.554195102623
39083	Knox	0.529472579867
39085	Lake	0.557066877343
39087	Lawrence	0.566834073497
39089	Licking	0.511795860146
39091	Logan	0.592852024851
39093	Lorain	0.515682199365
39095	Lucas	0.519225480717
39097	Madison	0.498002875883
39099	Mahoning	0.535544013139
39101	Marion	0.594401052328
21215	Spencer	0.456801575452
39103	Medina	0.493099607085
39105	Meigs	0.53908087969
39107	Mercer	0.530509711601
39109	Miami	0.550767655064
39111	Monroe	0.539862048919
39113	Montgomery	0.53068178737
39115	Morgan	0.646366501741
39117	Morrow	0.479315602337
39119	Muskingum	0.581191223998
42019	Butler	0.546722609386
39125	Paulding	0.533493074848
39127	Perry	0.459384685885
39129	Pickaway	0.515374855115
39131	Pike	0.586325046787
39133	Portage	0.53159939043
39135	Preble	0.565385130668
39137	Putnam	0.632251411831
39139	Richland	0.540175165443
39141	Ross	0.538599772034
39143	Sandusky	0.48560097579
39145	Scioto	0.473474528668
1063	Greene	0.43867186808
39149	Shelby	0.441324940599
39151	Stark	0.511645181475
39153	Summit	0.517960070533
39155	Trumbull	0.506998519011
39157	Tuscarawas	0.588508032737
39159	Union	0.51863621052
39161	Van Wert	0.592431702174
39165	Warren	0.554745854453
39167	Washington	0.460889729263
39169	Wayne	0.518757334204
39171	Williams	0.525671698044
39173	Wood	0.513026035156
39175	Wyandot	0.706856612739
42029	Chester	0.534601925195
31001	Adams	0.658398512525
31003	Antelope	0.407166680944
31013	Box Butte	0.38310464017
42033	Clearfield	0.498640523544
31019	Buffalo	0.544351152629
31025	Cass	0.643813652472
31027	Cedar	0.620377056169
1077	Lauderdale	0.50911104675
31043	Dakota	0.538292618578
31045	Dawes	0.524797745799
31047	Dawson	0.623924288438
42039	Crawford	0.477074206737
31053	Dodge	0.561426383493
31055	Douglas	0.539323959003
1081	Lee	0.555628888498
31067	Gage	0.502104366993
1083	Limestone	0.520368713209
31079	Hall	0.524808986307
12007	Bradford	0.508299791339
1085	Lowndes	0.679396029133
42047	Elk	0.627536141793
48227	Howard	0.556298207431
31109	Lancaster	0.574240100279
31111	Lincoln	0.511853129102
31119	Madison	0.514085558563
31121	Merrick	0.513897356396
31127	Nemaha	0.629391357679
31141	Platte	0.638001932668
20209	Wyandotte	0.554779034572
42055	Franklin	0.528857055931
31153	Sarpy	0.540993028964
31155	Saunders	0.583814674194
31157	Scotts Bluff	0.502077543497
31159	Seward	0.499577985847
42059	Greene	0.561473488445
31173	Thurston	0.500096875508
31177	Washington	0.736783878257
31179	Wayne	0.405520934572
42061	Huntingdon	0.433857694286
31185	York	0.687750143098
23001	Androscoggin	0.532111657729
42063	Indiana	0.528564940647
23005	Cumberland	0.541599011947
23007	Franklin	0.644441139416
23009	Hancock	0.629729084538
23011	Kennebec	0.571373263746
23013	Knox	0.48402439964
1105	Perry	0.508448630348
23017	Oxford	0.528261897894
23019	Penobscot	0.530686193315
23023	Sagadahoc	0.64357365238
23025	Somerset	0.529649025554
1107	Pickens	0.679141881812
23029	Washington	0.665387626506
23031	York	0.521353025994
37047	Columbus	0.566731019559
1109	Pike	0.513779880271
1111	Randolph	0.485847997106
42073	Lawrence	0.531896319964
42075	Lebanon	0.518101871706
1041	Crenshaw	0.402328184932
40049	Garvin	0.527695153645
1117	Shelby	0.567526261962
48233	Hutchinson	0.361227721143
1119	Sumter	0.674673675688
1121	Talladega	0.573809912905
12045	Gulf	0.371067015597
42083	McKean	0.52802514485
1125	Tuscaloosa	0.532869803938
42087	Mifflin	0.537472614881
12051	Hendry	0.44753366351
1129	Washington	0.527110592078
1131	Wilcox	0.591082208202
53015	Cowlitz	0.480683048432
12061	Indian River	0.551063468315
56001	Albany	0.532049373808
56005	Campbell	0.595798536005
53025	Grant	0.538350574166
56013	Fremont	0.521104971509
56015	Goshen	0.458484831918
56021	Laramie	0.551848538646
1047	Dallas	0.531064469291
56025	Natrona	0.597615605784
47073	Hawkins	0.523890583236
56031	Platte	0.42655687169
56033	Sheridan	0.746556661889
56037	Sweetwater	0.494812830436
56039	Teton	0.688884913073
12073	Leon	0.551380280271
12075	Levy	0.370022368677
13051	Chatham	0.517278897513
1049	DeKalb	0.503695443683
21235	Whitley	0.507784980493
23003	Aroostook	0.596506230039
53041	Lewis	0.491234016239
5143	Washington	0.557462375822
12093	Okeechobee	0.521209032002
55063	La Crosse	0.58616527663
48001	Anderson	0.667775712944
48005	Angelina	0.572135410307
12097	Osceola	0.547337788059
1053	Escambia	0.407979760427
48013	Atascosa	0.510085784672
48015	Austin	0.605210064897
48019	Bandera	0.478805453602
48021	Bastrop	0.538878969321
48025	Bee	0.490941868778
48027	Bell	0.487589219111
48029	Bexar	0.538645429669
53061	Snohomish	0.547150055769
48035	Bosque	0.323577785951
48037	Bowie	0.510296233518
48039	Brazoria	0.521193066606
48041	Brazos	0.525654865824
12103	Pinellas	0.543402882107
48047	Brooks	0.454266589179
48049	Brown	0.604547012355
23027	Waldo	0.616235525902
48053	Burnet	0.44370649241
48055	Caldwell	0.579347656466
48057	Calhoun	0.439626470362
48061	Cameron	0.528901398415
48063	Camp	0.544215858018
48067	Cass	0.496393704863
48071	Chambers	0.520096684922
1055	Etowah	0.500484334685
48073	Cherokee	0.607667811841
48077	Clay	0.646992779925
48083	Coleman	0.488669308247
48085	Collin	0.560514496237
48089	Colorado	0.514962825038
12111	St. Lucie	0.533934726768
48097	Cooke	0.577274985506
48099	Coryell	0.523719028156
53073	Whatcom	0.426865074484
48113	Dallas	0.5387330078
12115	Sarasota	0.579935186779
48117	Deaf Smith	0.477002438299
13059	Clarke	0.560134169096
48121	Denton	0.550658163797
48123	DeWitt	0.42011528392
48127	Dimmit	0.470951185623
48131	Duval	0.495294918946
48133	Eastland	0.518908846691
48135	Ector	0.510380288002
48139	Ellis	0.51937429266
48141	El Paso	0.545310597257
48143	Erath	0.517817305215
48147	Fannin	0.488296779249
48149	Fayette	0.513624485602
48157	Fort Bend	0.543206942064
48161	Freestone	0.570514275835
48163	Frio	0.411189109132
48165	Gaines	0.611459352136
48167	Galveston	0.517645851835
48171	Gillespie	0.58463821818
13305	Wayne	0.453238790188
48175	Goliad	0.41999596886
48177	Gonzales	0.444307042712
48181	Grayson	0.503432702007
48183	Gregg	0.541767957784
48185	Grimes	0.594480634635
48187	Guadalupe	0.517166635596
48189	Hale	0.543242090701
40005	Atoka	0.554589898083
40007	Beaver	0.462743203439
40009	Beckham	0.656504469433
40011	Blaine	0.611013763084
40013	Bryan	0.548723093483
40015	Caddo	0.47718660969
48209	Hays	0.555182367835
40019	Carter	0.463458945594
48213	Henderson	0.548521388784
40023	Choctaw	0.445245110722
48217	Hill	0.504564083218
48219	Hockley	0.525652203003
48221	Hood	0.403062082555
48223	Hopkins	0.458663033
48225	Houston	0.491343381841
40035	Craig	0.576770803688
48229	Hudspeth	0.425703936802
48231	Hunt	0.519632206933
40041	Delaware	0.551105144439
48237	Jack	0.633820442563
48239	Jackson	0.419118953017
48241	Jasper	0.447218103466
40051	Grady	0.526337449147
48245	Jefferson	0.544386465002
48249	Jim Wells	0.488377725674
48251	Johnson	0.563976426968
48253	Jones	0.687625552049
40063	Hughes	0.540787245301
48257	Kaufman	0.527935171887
48259	Kendall	0.56792556917
40069	Johnston	0.503700652715
40071	Kay	0.642419684837
48265	Kerr	0.42256819486
40075	Kiowa	0.520890168434
40079	Le Flore	0.458525813297
40081	Lincoln	0.549848136619
48275	Knox	0.396859358555
40085	Love	0.609769531534
40087	McClain	0.541549930512
48281	Lampasas	0.680928428339
40091	McIntosh	0.414058402994
40095	Marshall	0.601834560676
48289	Leon	0.569227601348
40099	Murray	0.503253670352
48293	Limestone	0.558870511064
40103	Noble	0.558603805134
40105	Nowata	0.518312330852
48299	Llano	0.592717015383
13065	Clinch	0.473678310681
40109	Oklahoma	0.535243256279
40111	Okmulgee	0.526817648257
40113	Osage	0.574109174713
40115	Ottawa	0.465089782934
40117	Pawnee	0.540455636393
40119	Payne	0.565158997431
40121	Pittsburg	0.723112492511
40123	Pontotoc	0.60405778351
40125	Pottawatomie	0.559383634593
48331	Milam	0.616370007257
48321	Matagorda	0.481224922555
48323	Maverick	0.527348332874
48325	Medina	0.47887430399
40135	Sequoyah	0.585131156397
48329	Midland	0.479941477898
40139	Texas	0.442093793206
48335	Mitchell	0.604284200955
40145	Wagoner	0.542548202085
40147	Washington	0.59122677732
40151	Woods	0.478580369352
55075	Marinette	0.54884185825
48347	Nacogdoches	0.539654328131
48349	Navarro	0.513581884232
48355	Nueces	0.513134606649
13067	Cobb	0.533950575226
48361	Orange	0.545235832683
48363	Palo Pinto	0.56328757722
48365	Panola	0.552803241594
48367	Parker	0.533024451541
48371	Pecos	0.561992146988
48373	Polk	0.468861251255
48375	Potter	0.408150647768
48379	Rains	0.485155740371
48381	Randall	0.534947127662
32001	Churchill	0.587563898062
32003	Clark	0.569770087256
48389	Reeves	0.559399373302
48391	Refugio	0.466436105377
48395	Robertson	0.336373324384
32013	Humboldt	0.696779547235
48401	Rusk	0.601008040891
32019	Lyon	0.513347879754
48407	San Jacinto	0.50079875988
48409	San Patricio	0.477984779793
32029	Storey	0.688080170147
48415	Scurry	0.527316671542
48419	Shelby	0.679159255669
13069	Coffee	0.503700840853
48423	Smith	0.517182679645
48425	Somervell	0.593013282207
48427	Starr	0.52283770444
48429	Stephens	0.652270201967
1067	Henry	0.278181024335
48439	Tarrant	0.533873610161
48441	Taylor	0.543149761616
48449	Titus	0.502617406711
48451	Tom Green	0.547577867613
48453	Travis	0.560079973122
48455	Trinity	0.572090980906
48459	Upshur	0.31767758997
48463	Uvalde	0.525533113713
48465	Val Verde	0.452439149692
48467	Van Zandt	0.45778355692
48469	Victoria	0.521717003025
48471	Walker	0.541526782585
48473	Waller	0.524195167193
48475	Ward	0.574225163277
48477	Washington	0.430592546961
48479	Webb	0.550586047577
13071	Colquitt	0.619612778816
48481	Wharton	0.528550736146
48483	Wheeler	0.57539773611
48485	Wichita	0.51579880315
48487	Wilbarger	0.524223593
48489	Willacy	0.438522632003
48491	Williamson	0.531978982367
48493	Wilson	0.39141817749
48497	Wise	0.576185585004
48499	Wood	0.413509807799
48503	Young	0.693914501145
48505	Zapata	0.546666114363
48507	Zavala	0.545002171939
49045	Tooele	0.513561749234
46079	Lake	0.597717444917
49049	Utah	0.579592146825
13073	Columbia	0.456059786086
1071	Jackson	0.565971679174
24001	Allegany	0.523620127998
24003	Anne Arundel	0.532159485277
24005	Baltimore	0.538452824038
49057	Weber	0.523569609884
24009	Calvert	0.477582511413
24011	Caroline	0.478384516584
24013	Carroll	0.509234001054
24015	Cecil	0.541435506627
24017	Charles	0.518777396776
24019	Dorchester	0.559553749996
24021	Frederick	0.52407879676
24023	Garrett	0.674145165629
13075	Cook	0.34660099381
24025	Harford	0.537910130042
24027	Howard	0.56299154069
24029	Kent	0.367877917568
24031	Montgomery	0.557752259601
24033	Prince George's	0.532813392695
24035	Queen Anne's	0.519399730174
24037	St. Mary's	0.489091172036
24039	Somerset	0.590417683732
24041	Talbot	0.500273251553
24043	Washington	0.511984839989
24045	Wicomico	0.480993160902
24047	Worcester	0.657243385805
13077	Coweta	0.532795733039
13079	Crawford	0.585553338701
16001	Ada	0.538233440698
16005	Bannock	0.569689591216
16011	Bingham	0.513623084077
13081	Crisp	0.532736109147
16019	Bonneville	0.611361255014
16027	Canyon	0.532775629901
16047	Gooding	0.503443345269
16053	Jerome	0.402575546879
16055	Kootenai	0.608905562602
16057	Latah	0.480257973893
16065	Madison	0.57453272962
16069	Nez Perce	0.703773249695
13083	Dade	0.533756348359
16075	Payette	0.519301204156
16083	Twin Falls	0.854831732645
16085	Valley	0.805799315928
54063	Monroe	0.641424045413
32510	Carson City	0.420831145468
13085	Dawson	0.511542721134
13087	Decatur	0.563321049499
8001	Adams	0.519671870774
8003	Alamosa	0.733656902542
8005	Arapahoe	0.532671886265
8013	Boulder	0.594876956484
8017	Cheyenne	0.555040058859
8019	Chihuahua, Chihuahua	0.571302719834
19087	Henry	0.516465186104
8031	Denver	0.567714599526
42003	Allegheny	0.542378179627
8035	Douglas	0.574990307709
8037	Juarez, Chihuahua	0.569549429659
8041	El Paso	0.542242674952
49003	Box Elder	0.698988392626
8045	Garfield	0.510994026837
8049	Grand	0.492694862357
49011	Davis	0.545588785243
8059	Jefferson	0.554749046362
49021	Iron	0.546989744437
8067	La Plata	0.583249139858
8069	Larimer	0.56220287753
8071	Las Animas	0.605296616757
49035	Salt Lake	0.539344582322
8077	Mesa	0.520572548211
49039	Sanpete	0.469142004769
49043	Summit	0.564534630279
8085	Montrose	0.385879835812
8089	Otero	0.485883869637
49051	Wasatch	0.802139063481
42005	Armstrong	0.743175468619
49053	Washington	0.522446841979
8097	Pitkin	0.645831369023
8099	Prowers	0.551902985146
8101	Pueblo	0.538138071893
8105	Rio Grande	0.515812962366
8107	Routt	0.558977926339
13311	White	0.549855683969
8117	Summit	0.629616178833
8123	Weld	0.57733656167
24510	Baltimore	0.523032949962
1089	Madison	0.533038027444
54009	Brooke	0.555694043153
46099	Minnehaha	0.539290105141
1025		0
1057		0
1075		0
1091		0
1133		0
2013		0
2016		0
2020		0
2050		0
2060		0
2068		0
2070		0
2090		0
2100		0
2110		0
2122		0
2130		0
2150		0
2164		0
2170		0
2180		0
2185		0
2188		0
2201		0
2220		0
2232		0
2240		0
2261		0
2270		0
2280		0
2282		0
2290		0
4011		0
5011		0
5013		0
5015		0
5023		0
5029		0
5037		0
5039		0
5041		0
5047		0
5049		0
5065		0
5073		0
5077		0
5079		0
5087		0
5089		0
5095		0
5097		0
5101		0
5105		0
5107		0
5109		0
5117		0
5121		0
5127		0
5129		0
5135		0
5141		0
5147		0
5149		0
6003		0
6043		0
6049		0
6091		0
6105		0
8007		0
8009		0
8011		0
8014		0
8015		0
8021		0
8023		0
8025		0
8027		0
8029		0
8033		0
8039		0
8043		0
8047		0
8053		0
8055		0
8057		0
8061		0
8063		0
8065		0
8073		0
8079		0
8081		0
8083		0
8087		0
8091		0
8093		0
8095		0
8103		0
8109		0
8111		0
8113		0
8115		0
8119		0
8121		0
8125		0
12013		0
12029		0
12037		0
12041		0
12067		0
12077		0
12079		0
12087		0
13003		0
13007		0
13017		0
13037		0
13043		0
13061		0
13093		0
13101		0
13109		0
13111		0
13125		0
13141		0
13149		0
13155		0
13159		0
13167		0
13173		0
13181		0
13191		0
13197		0
13221		0
13235		0
13239		0
13241		0
13249		0
13253		0
13259		0
13263		0
13265		0
13269		0
13271		0
13287		0
13289		0
13307		0
13315		0
13319		0
13321		0
15001		0
15003		0
15007		0
15009		0
16003		0
16007		0
16009		0
16013		0
16015		0
16017		0
16021		0
16023		0
16025		0
16029		0
16031		0
16033		0
16035		0
16037		0
16039		0
16041		0
16043		0
16045		0
16049		0
16051		0
16059		0
16061		0
16063		0
16067		0
16071		0
16073		0
16077		0
16079		0
16081		0
16087		0
17003		0
17009		0
17013		0
17015		0
17025		0
17035		0
17047		0
17053		0
17057		0
17059		0
17061		0
17065		0
17069		0
17071		0
17079		0
17087		0
17123		0
17127		0
17129		0
17149		0
17151		0
17153		0
17155		0
17157		0
17169		0
17171		0
17175		0
17181		0
17185		0
17189		0
17191		0
17193		0
18007		0
18015		0
18025		0
18041		0
18101		0
18115		0
18121		0
18123		0
18131		0
18147		0
18149		0
18155		0
18161		0
18165		0
18171		0
19001		0
19003		0
19005		0
19007		0
19009		0
19035		0
19043		0
19047		0
19051		0
19077		0
19085		0
19089		0
19091		0
19093		0
19099		0
19101		0
19107		0
19117		0
19119		0
19129		0
19131		0
19137		0
19141		0
19143		0
19147		0
19151		0
19159		0
19161		0
19173		0
19177		0
19185		0
19189		0
19195		0
20007		0
20013		0
20017		0
20019		0
20023		0
20025		0
20027		0
20033		0
20039		0
20047		0
20049		0
20063		0
20065		0
20069		0
20071		0
20073		0
20075		0
20077		0
20081		0
20083		0
20085		0
20087		0
20093		0
20095		0
20097		0
20101		0
20105		0
20107		0
20109		0
20117		0
20119		0
20123		0
20127		0
20129		0
20131		0
20135		0
20137		0
20139		0
20141		0
20143		0
20147		0
20149		0
20153		0
20165		0
20171		0
20179		0
20181		0
20183		0
20185		0
20187		0
20193		0
20195		0
20197		0
20199		0
20201		0
20203		0
20205		0
20207		0
21003		0
21007		0
21017		0
21027		0
21031		0
21045		0
21053		0
21055		0
21057		0
21063		0
21075		0
21077		0
21087		0
21105		0
21109		0
21129		0
21135		0
21139		0
21149		0
21165		0
21171		0
21181		0
21189		0
21197		0
21201		0
21221		0
21223		0
21231		0
21233		0
21237		0
22021		0
22025		0
22035		0
22041		0
22083		0
22107		0
22123		0
22125		0
22127		0
23015		0
23021		0
25019		0
26001		0
26003		0
26009		0
26013		0
26031		0
26039		0
26051		0
26071		0
26079		0
26083		0
26085		0
26095		0
26113		0
26119		0
26131		0
26135		0
26137		0
26141		0
27001		0
27007		0
27011		0
27021		0
27029		0
27031		0
27033		0
27043		0
27051		0
27057		0
27065		0
27069		0
27071		0
27073		0
27075		0
27077		0
27081		0
27087		0
27089		0
27091		0
27101		0
27107		0
27113		0
27117		0
27119		0
27121		0
27125		0
27127		0
27129		0
27135		0
27151		0
27153		0
27155		0
27161		0
27167		0
27173		0
28005		0
28009		0
28013		0
28015		0
28019		0
28037		0
28039		0
28041		0
28043		0
28053		0
28055		0
28079		0
28093		0
28119		0
28125		0
28129		0
28133		0
28147		0
28153		0
28155		0
28157		0
28159		0
29005		0
29007		0
29011		0
29013		0
29015		0
29017		0
29025		0
29035		0
29039		0
29041		0
29045		0
29049		0
29053		0
29055		0
29057		0
29059		0
29061		0
29063		0
29065		0
29067		0
29073		0
29075		0
29079		0
29081		0
29083		0
29085		0
29087		0
29093		0
29103		0
29119		0
29121		0
29123		0
29125		0
29129		0
29131		0
29135		0
29137		0
29139		0
29141		0
29149		0
29151		0
29153		0
29157		0
29163		0
29171		0
29177		0
29179		0
29185		0
29197		0
29199		0
29203		0
29205		0
29211		0
29215		0
29227		0
29229		0
30001		0
30003		0
30005		0
30007		0
30009		0
30011		0
30013		0
30015		0
30017		0
30019		0
30021		0
30023		0
30025		0
30027		0
30029		0
30033		0
30035		0
30037		0
30039		0
30041		0
30043		0
30045		0
30047		0
30051		0
30053		0
30055		0
30059		0
30061		0
30065		0
30067		0
30069		0
30071		0
30073		0
30075		0
30077		0
30079		0
30081		0
30083		0
30085		0
30087		0
30089		0
30091		0
30095		0
30097		0
30099		0
30101		0
30103		0
30105		0
30107		0
30109		0
31005		0
31007		0
31009		0
31011		0
31015		0
31017		0
31021		0
31023		0
31029		0
31031		0
31033		0
31035		0
31037		0
31039		0
31041		0
31049		0
31051		0
31057		0
31059		0
31061		0
31063		0
31065		0
31069		0
31071		0
31073		0
31075		0
31077		0
31081		0
31083		0
31085		0
31087		0
31089		0
31091		0
31093		0
31095		0
31097		0
31099		0
31101		0
31103		0
31105		0
31107		0
31113		0
31115		0
31117		0
31123		0
31125		0
31129		0
31131		0
31133		0
31135		0
31137		0
31139		0
31143		0
31145		0
31147		0
31149		0
31151		0
31161		0
31163		0
31165		0
31167		0
31169		0
31171		0
31175		0
31181		0
31183		0
32009		0
32011		0
32015		0
32017		0
32021		0
32023		0
32027		0
32033		0
35003		0
35011		0
35019		0
35021		0
35023		0
35027		0
35028		0
35033		0
35037		0
35051		0
35053		0
35057		0
35059		0
36041		0
36049		0
36097		0
37007		0
37009		0
37095		0
37111		0
37121		0
37131		0
37173		0
37177		0
38001		0
38005		0
38007		0
38009		0
38011		0
38013		0
38019		0
38021		0
38023		0
38025		0
38027		0
38029		0
38031		0
38033		0
38037		0
38039		0
38041		0
38043		0
38045		0
38047		0
38049		0
38051		0
38053		0
38055		0
38057		0
38059		0
38061		0
38063		0
38065		0
38067		0
38069		0
38071		0
38073		0
38075		0
38079		0
38081		0
38083		0
38087		0
38091		0
38095		0
38097		0
38099		0
38101		0
38103		0
38105		0
39067		0
39073		0
39121		0
39163		0
40001		0
40003		0
40025		0
40029		0
40033		0
40043		0
40053		0
40055		0
40057		0
40059		0
40067		0
40077		0
40093		0
40107		0
40127		0
40129		0
40141		0
40149		0
41021		0
41023		0
41025		0
41031		0
41037		0
41049		0
41055		0
41063		0
41065		0
41069		0
42053		0
42093		0
42105		0
42113		0
45017		0
46003		0
46007		0
46009		0
46015		0
46017		0
46019		0
46021		0
46023		0
46025		0
46031		0
46033		0
46037		0
46039		0
46041		0
46043		0
46045		0
46047		0
46049		0
46051		0
46053		0
46055		0
46057		0
46059		0
46061		0
46063		0
46065		0
46067		0
46069		0
46071		0
46073		0
46075		0
46077		0
46085		0
46087		0
46089		0
46091		0
46093		0
46095		0
46097		0
46101		0
46105		0
46107		0
46111		0
46115		0
46117		0
46119		0
46121		0
46123		0
46125		0
46129		0
47007		0
47015		0
47027		0
47033		0
47039		0
47049		0
47067		0
47081		0
47083		0
47087		0
47091		0
47095		0
47111		0
47127		0
47133		0
47135		0
47137		0
47153		0
47169		0
47175		0
47181		0
48003		0
48007		0
48009		0
48011		0
48017		0
48023		0
48031		0
48033		0
48045		0
48059		0
48065		0
48069		0
48075		0
48079		0
48081		0
48087		0
48093		0
48095		0
48101		0
48103		0
48105		0
48107		0
48109		0
48111		0
48115		0
48119		0
48125		0
48129		0
48137		0
48145		0
48151		0
48153		0
48155		0
48159		0
48169		0
48173		0
48179		0
48191		0
48193		0
48195		0
48197		0
48205		0
48207		0
48211		0
48235		0
48243		0
48247		0
48261		0
48263		0
48267		0
48269		0
48271		0
48285		0
48295		0
48297		0
48301		0
48305		0
48307		0
48311		0
48315		0
48317		0
48319		0
48327		0
48333		0
48337		0
48341		0
48345		0
48351		0
48353		0
48357		0
48359		0
48369		0
48377		0
48383		0
48385		0
48387		0
48393		0
48399		0
48403		0
48405		0
48411		0
48413		0
48417		0
48421		0
48431		0
48433		0
48435		0
48437		0
48443		0
48445		0
48447		0
48457		0
48461		0
48495		0
48501		0
49001		0
49007		0
49009		0
49013		0
49015		0
49017		0
49019		0
49023		0
49025		0
49027		0
49029		0
49031		0
49033		0
49037		0
49041		0
49047		0
49055		0
50009		0
50013		0
50017		0
51021		0
51036		0
51037		0
51045		0
51049		0
51051		0
51091		0
51097		0
51119		0
51157		0
51167		0
51181		0
51183		0
51515		0
51530		0
51540		0
51570		0
51595		0
51600		0
51610		0
51620		0
51640		0
51660		0
51678		0
51683		0
51685		0
51690		0
51720		0
51750		0
51770		0
51775		0
51840		0
53003		0
53007		0
53009		0
53013		0
53017		0
53019		0
53023		0
53029		0
53031		0
53039		0
53043		0
53045		0
53047		0
53049		0
53051		0
53055		0
53059		0
53065		0
53069		0
54007		0
54013		0
54015		0
54017		0
54021		0
54023		0
54071		0
54075		0
54093		0
54095		0
54103		0
54105		0
55001		0
55003		0
55005		0
55007		0
55013		0
55029		0
55037		0
55041		0
55047		0
55049		0
55051		0
55053		0
55061		0
55065		0
55067		0
55069		0
55077		0
55078		0
55083		0
55085		0
55091		0
55095		0
55099		0
55103		0
55107		0
55113		0
55119		0
55125		0
55129		0
55137		0
55141		0
56003		0
56007		0
56009		0
56011		0
56017		0
56019		0
56023		0
56027		0
56029		0
56035		0
56041		0
56043		0
56045		0
72001		0
72003		0
72005		0
72007		0
72009		0
72011		0
72013		0
72015		0
72017		0
72019		0
72021		0
72023		0
72025		0
72027		0
72029		0
72031		0
72033		0
72035		0
72037		0
72039		0
72041		0
72043		0
72045		0
72047		0
72049		0
72051		0
72053		0
72054		0
72055		0
72057		0
72059		0
72061		0
72063		0
72065		0
72067		0
72069		0
72071		0
72073		0
72075		0
72077		0
72079		0
72081		0
72083		0
72085		0
72087		0
72089		0
72091		0
72093		0
72095		0
72097		0
72099		0
72101		0
72103		0
72105		0
72107		0
72109		0
72111		0
72113		0
72115		0
72117		0
72119		0
72121		0
72123		0
72125		0
72127		0
72129		0
72131		0
72133		0
72135		0
72137		0
72139		0
72141		0
72143		0
72145		0
72147		0
72149		0
72151		0
72153		0
